Id,name
System.Byte[],System.Byte[]
System.Byte[],System.Byte[]
System.Byte[],System.Byte[]
System.Byte[],System.Byte[]
System.Byte[],System.Byte[]
System.Byte[],System.Byte[]
System.Byte[],System.Byte[]
System.Byte[],System.Byte[]
System.Byte[],System.Byte[]
System.Byte[],System.Byte[]
System.Byte[],System.Byte[]
System.Byte[],System.Byte[]
System.Byte[],System.Byte[]
System.Byte[],System.Byte[]
System.Byte[],System.Byte[]
System.Byte[],System.Byte[]
System.Byte[],System.Byte[]
System.Byte[],System.Byte[]
System.Byte[],System.Byte[]
System.Byte[],System.Byte[]
System.Byte[],System.Byte[]
System.Byte[],System.Byte[]
System.Byte[],System.Byte[]
System.Byte[],System.Byte[]
System.Byte[],System.Byte[]
System.Byte[],System.Byte[]
System.Byte[],System.Byte[]
System.Byte[],System.Byte[]
System.Byte[],System.Byte[]
System.Byte[],System.Byte[]
System.Byte[],System.Byte[]
System.Byte[],System.Byte[]
System.Byte[],System.Byte[]
System.Byte[],System.Byte[]
System.Byte[],System.Byte[]
System.Byte[],System.Byte[]
System.Byte[],System.Byte[]
System.Byte[],System.Byte[]
System.Byte[],System.Byte[]
System.Byte[],System.Byte[]
System.Byte[],System.Byte[]
System.Byte[],System.Byte[]
System.Byte[],System.Byte[]
System.Byte[],System.Byte[]
System.Byte[],System.Byte[]
System.Byte[],System.Byte[]
System.Byte[],System.Byte[]
System.Byte[],System.Byte[]
System.Byte[],System.Byte[]
System.Byte[],System.Byte[]
System.Byte[],System.Byte[]
System.Byte[],System.Byte[]
System.Byte[],System.Byte[]
System.Byte[],System.Byte[]
System.Byte[],System.Byte[]
System.Byte[],System.Byte[]
System.Byte[],System.Byte[]
System.Byte[],System.Byte[]
System.Byte[],System.Byte[]
System.Byte[],System.Byte[]
System.Byte[],System.Byte[]
System.Byte[],System.Byte[]
System.Byte[],System.Byte[]
System.Byte[],System.Byte[]
System.Byte[],System.Byte[]
System.Byte[],System.Byte[]
System.Byte[],System.Byte[]
System.Byte[],System.Byte[]
System.Byte[],System.Byte[]
System.Byte[],System.Byte[]
System.Byte[],System.Byte[]
System.Byte[],System.Byte[]
System.Byte[],System.Byte[]
System.Byte[],System.Byte[]
System.Byte[],System.Byte[]
System.Byte[],System.Byte[]
System.Byte[],System.Byte[]
System.Byte[],System.Byte[]
System.Byte[],System.Byte[]
System.Byte[],System.Byte[]
System.Byte[],System.Byte[]
System.Byte[],System.Byte[]
System.Byte[],System.Byte[]
System.Byte[],System.Byte[]
System.Byte[],System.Byte[]
System.Byte[],System.Byte[]
System.Byte[],System.Byte[]
System.Byte[],System.Byte[]
System.Byte[],System.Byte[]
System.Byte[],System.Byte[]
System.Byte[],System.Byte[]
System.Byte[],System.Byte[]
System.Byte[],System.Byte[]
System.Byte[],System.Byte[]
System.Byte[],System.Byte[]
System.Byte[],System.Byte[]
System.Byte[],System.Byte[]
System.Byte[],System.Byte[]
System.Byte[],System.Byte[]
System.Byte[],System.Byte[]
System.Byte[],System.Byte[]
System.Byte[],System.Byte[]
System.Byte[],System.Byte[]
System.Byte[],System.Byte[]
System.Byte[],System.Byte[]
System.Byte[],System.Byte[]
System.Byte[],System.Byte[]
System.Byte[],System.Byte[]
System.Byte[],System.Byte[]
System.Byte[],System.Byte[]
System.Byte[],System.Byte[]
System.Byte[],System.Byte[]
System.Byte[],System.Byte[]
System.Byte[],System.Byte[]
System.Byte[],System.Byte[]
System.Byte[],System.Byte[]
System.Byte[],System.Byte[]
System.Byte[],System.Byte[]
System.Byte[],System.Byte[]
System.Byte[],System.Byte[]
System.Byte[],System.Byte[]
System.Byte[],System.Byte[]
System.Byte[],System.Byte[]
System.Byte[],System.Byte[]
System.Byte[],System.Byte[]
System.Byte[],System.Byte[]
System.Byte[],System.Byte[]
System.Byte[],System.Byte[]
System.Byte[],System.Byte[]
System.Byte[],System.Byte[]
System.Byte[],System.Byte[]
System.Byte[],System.Byte[]
System.Byte[],System.Byte[]
System.Byte[],System.Byte[]
System.Byte[],System.Byte[]
System.Byte[],System.Byte[]
System.Byte[],System.Byte[]
System.Byte[],System.Byte[]
System.Byte[],System.Byte[]
System.Byte[],System.Byte[]
System.Byte[],System.Byte[]
System.Byte[],System.Byte[]
System.Byte[],System.Byte[]
System.Byte[],System.Byte[]
System.Byte[],System.Byte[]
System.Byte[],System.Byte[]
System.Byte[],System.Byte[]
System.Byte[],System.Byte[]
System.Byte[],System.Byte[]
System.Byte[],System.Byte[]
System.Byte[],System.Byte[]
System.Byte[],System.Byte[]
System.Byte[],System.Byte[]
System.Byte[],System.Byte[]
System.Byte[],System.Byte[]
System.Byte[],System.Byte[]
System.Byte[],System.Byte[]
System.Byte[],System.Byte[]
System.Byte[],System.Byte[]
System.Byte[],System.Byte[]
System.Byte[],System.Byte[]
System.Byte[],System.Byte[]
System.Byte[],System.Byte[]
System.Byte[],System.Byte[]
System.Byte[],System.Byte[]
System.Byte[],System.Byte[]
System.Byte[],System.Byte[]
System.Byte[],System.Byte[]
System.Byte[],System.Byte[]
System.Byte[],System.Byte[]
System.Byte[],System.Byte[]
System.Byte[],System.Byte[]
System.Byte[],System.Byte[]
System.Byte[],System.Byte[]
System.Byte[],System.Byte[]
System.Byte[],System.Byte[]
System.Byte[],System.Byte[]
System.Byte[],System.Byte[]
System.Byte[],System.Byte[]
System.Byte[],System.Byte[]
System.Byte[],System.Byte[]
System.Byte[],System.Byte[]
System.Byte[],System.Byte[]
System.Byte[],System.Byte[]
System.Byte[],System.Byte[]
System.Byte[],System.Byte[]
System.Byte[],System.Byte[]
System.Byte[],System.Byte[]
System.Byte[],System.Byte[]
System.Byte[],System.Byte[]
System.Byte[],System.Byte[]
System.Byte[],System.Byte[]
System.Byte[],System.Byte[]
System.Byte[],System.Byte[]
System.Byte[],System.Byte[]
System.Byte[],System.Byte[]
System.Byte[],System.Byte[]
System.Byte[],System.Byte[]
System.Byte[],System.Byte[]
System.Byte[],System.Byte[]
System.Byte[],System.Byte[]
System.Byte[],System.Byte[]
System.Byte[],System.Byte[]
System.Byte[],System.Byte[]
System.Byte[],System.Byte[]
System.Byte[],System.Byte[]
System.Byte[],System.Byte[]
System.Byte[],System.Byte[]
System.Byte[],System.Byte[]
System.Byte[],System.Byte[]
System.Byte[],System.Byte[]
System.Byte[],System.Byte[]
System.Byte[],System.Byte[]
System.Byte[],System.Byte[]
System.Byte[],System.Byte[]
System.Byte[],System.Byte[]
System.Byte[],System.Byte[]
System.Byte[],System.Byte[]
System.Byte[],System.Byte[]
System.Byte[],System.Byte[]
System.Byte[],System.Byte[]
System.Byte[],System.Byte[]
System.Byte[],System.Byte[]
System.Byte[],System.Byte[]
System.Byte[],System.Byte[]
System.Byte[],System.Byte[]
System.Byte[],System.Byte[]
System.Byte[],System.Byte[]
System.Byte[],System.Byte[]
System.Byte[],System.Byte[]
System.Byte[],System.Byte[]
System.Byte[],System.Byte[]
System.Byte[],System.Byte[]
System.Byte[],System.Byte[]
System.Byte[],System.Byte[]
System.Byte[],System.Byte[]
System.Byte[],System.Byte[]
System.Byte[],System.Byte[]
System.Byte[],System.Byte[]
System.Byte[],System.Byte[]
System.Byte[],System.Byte[]
System.Byte[],System.Byte[]
System.Byte[],System.Byte[]
System.Byte[],System.Byte[]
System.Byte[],System.Byte[]
System.Byte[],System.Byte[]
System.Byte[],System.Byte[]
System.Byte[],System.Byte[]
System.Byte[],System.Byte[]
System.Byte[],System.Byte[]
System.Byte[],System.Byte[]
System.Byte[],System.Byte[]
System.Byte[],System.Byte[]
System.Byte[],System.Byte[]
System.Byte[],System.Byte[]
System.Byte[],System.Byte[]
System.Byte[],System.Byte[]
System.Byte[],System.Byte[]
System.Byte[],System.Byte[]
System.Byte[],System.Byte[]
System.Byte[],System.Byte[]
System.Byte[],System.Byte[]
System.Byte[],System.Byte[]
System.Byte[],System.Byte[]
System.Byte[],System.Byte[]
System.Byte[],System.Byte[]
System.Byte[],System.Byte[]
System.Byte[],System.Byte[]
System.Byte[],System.Byte[]
System.Byte[],System.Byte[]
System.Byte[],System.Byte[]
System.Byte[],System.Byte[]
System.Byte[],System.Byte[]
System.Byte[],System.Byte[]
System.Byte[],System.Byte[]
System.Byte[],System.Byte[]
System.Byte[],System.Byte[]
System.Byte[],System.Byte[]
System.Byte[],System.Byte[]
System.Byte[],System.Byte[]
System.Byte[],System.Byte[]
System.Byte[],System.Byte[]
System.Byte[],System.Byte[]
System.Byte[],System.Byte[]
System.Byte[],System.Byte[]
System.Byte[],System.Byte[]
System.Byte[],System.Byte[]
System.Byte[],System.Byte[]
System.Byte[],System.Byte[]
System.Byte[],System.Byte[]
System.Byte[],System.Byte[]
System.Byte[],System.Byte[]
System.Byte[],System.Byte[]
System.Byte[],System.Byte[]
System.Byte[],System.Byte[]
System.Byte[],System.Byte[]
System.Byte[],System.Byte[]
System.Byte[],System.Byte[]
System.Byte[],System.Byte[]
System.Byte[],System.Byte[]
System.Byte[],System.Byte[]
System.Byte[],System.Byte[]
System.Byte[],System.Byte[]
System.Byte[],System.Byte[]
System.Byte[],System.Byte[]
System.Byte[],System.Byte[]
System.Byte[],System.Byte[]
System.Byte[],System.Byte[]
System.Byte[],System.Byte[]
System.Byte[],System.Byte[]
System.Byte[],System.Byte[]
System.Byte[],System.Byte[]
System.Byte[],System.Byte[]
System.Byte[],System.Byte[]
System.Byte[],System.Byte[]
System.Byte[],System.Byte[]
System.Byte[],System.Byte[]
System.Byte[],System.Byte[]
System.Byte[],System.Byte[]
System.Byte[],System.Byte[]
System.Byte[],System.Byte[]
System.Byte[],System.Byte[]
System.Byte[],System.Byte[]
System.Byte[],System.Byte[]
System.Byte[],System.Byte[]
System.Byte[],System.Byte[]
System.Byte[],System.Byte[]
System.Byte[],System.Byte[]
System.Byte[],System.Byte[]
System.Byte[],System.Byte[]
System.Byte[],System.Byte[]
System.Byte[],System.Byte[]
System.Byte[],System.Byte[]
System.Byte[],System.Byte[]
System.Byte[],System.Byte[]
System.Byte[],System.Byte[]
System.Byte[],System.Byte[]
System.Byte[],System.Byte[]
System.Byte[],System.Byte[]
System.Byte[],System.Byte[]
System.Byte[],System.Byte[]
System.Byte[],System.Byte[]
System.Byte[],System.Byte[]
System.Byte[],System.Byte[]
System.Byte[],System.Byte[]
System.Byte[],System.Byte[]
System.Byte[],System.Byte[]
System.Byte[],System.Byte[]
System.Byte[],System.Byte[]
System.Byte[],System.Byte[]
System.Byte[],System.Byte[]
System.Byte[],System.Byte[]
System.Byte[],System.Byte[]
System.Byte[],System.Byte[]
System.Byte[],System.Byte[]
System.Byte[],System.Byte[]
System.Byte[],System.Byte[]
System.Byte[],System.Byte[]
System.Byte[],System.Byte[]
System.Byte[],System.Byte[]
System.Byte[],System.Byte[]
System.Byte[],System.Byte[]
System.Byte[],System.Byte[]
System.Byte[],System.Byte[]
System.Byte[],System.Byte[]
